{
	"format_version": "1.17.100",
	"minecraft:npc_dialogue":
	{
		"scenes":
		[
			{
				"scene_tag": "guipage0",
				"npc_name": { "rawtext": [ {"text":"§a§lКарманный Телепорт"} ] },
				"text": { "rawtext": [ {"text":"§c§lМеню телепортов"} ] },
				"buttons": [
					{
						"name": { "rawtext": [ {"text":"Спавн"} ] },
						"commands": [
							"/tp @initiator 57 128 44 "
						]
					},
					{
						"name": { "rawtext": [ {"text":"Шахта"} ] },
						"commands": [
							"/tp @initiator 6 127 29 "
						]
					},
					{
						"name": { "rawtext": [ {"text":"Магазин"} ] },
						"commands": [
							"/tp @initiator 8 128 67 "
						]
					},
					{
						"name": { "rawtext": [ {"text":"Обменник"} ] },
						"commands": [
							"/tp @initiator 25 127 23 "
						]
					},
					{
						"name": { "rawtext": [ {"text":"Банк"} ] },
						"commands": [
							"/tp @initiator 48 127 57 "
						]
					},
					{
						"name": { "rawtext": [ {"text":"Закрыть"} ] },
						"commands": [
						]
					}
				]
			},
			{
				"scene_tag": "guipage1",
				"npc_name": { "rawtext": [ {"text":"Warps"} ] },
				"text": { "rawtext": [ {"text":"Server GUI Use This to navigate the world and see amazing things"} ] },
				"buttons": [
					{
						"name": { "rawtext": [ {"text":"Warp Spawn"} ] },
						"commands": [
							"/tp @s 0 4 0"
						]
					},
					{
						"name": { "rawtext": [ {"text":"Warp Shop"} ] },
						"commands": [
							"/tp @s 20 4 20"
						]
					},
					{
						"name": { "rawtext": [ {"text":"Warp Crates"} ] },
						"commands": [
							"/tp @s 90 4 0"
						]
					},
					{
						"name": { "rawtext": [ {"text":"Warp home"} ] },
						"commands": [
							"/tp @s 4 4 0"
						]
					},
					{
						"name": { "rawtext": [ {"text":"Warp hub"} ] },
						"commands": [
							"/tp @s 900 4 0"
						]
					},
					{
						"name": { "rawtext": [ {"text":"Close GUI"} ] },
						"commands": [
						]
					}
				]
			},
			{
				"scene_tag": "shop0",
				"npc_name": { "rawtext": [ {"text":"Shop"} ] },
				"text": { "rawtext": [ {"text":"Server GUI Use This to navigate the world and see amazing things"} ] },
				"buttons": [
					{
						"name": { "rawtext": [ {"text":"Buy:"} ] },
						"commands": [
							"/dialogue open @s @s shop1 "
						]
					},
					{
						"name": { "rawtext": [ {"text":"Sell:"} ] },
						"commands": [
							"/dialogue open @s @s shop2 "
						]
					},
					{
						"name": { "rawtext": [ {"text":"Close GUI"} ] },
						"commands": [
						]
					}
				]
			},
			{
				"scene_tag": "shop1",
				"npc_name": { "rawtext": [ {"text":"Shop"} ] },
				"text": { "rawtext": [ {"text":"Server GUI Use This to navigate the world and see amazing things"} ] },
				"buttons": [
					{
						"name": { "rawtext": [ {"text":"Buy: Diamonds"} ] },
						"commands": [
							"/execute @s[scores={money=100..}] ~~~ give @s diamond 1",
							"/execute @s[scores={money=100..}] ~~~ scoreboard players remove @s money 100",
							"/execute @s[scores={money=..99}] ~~~ tellraw @s {\"rawtext\":[{\"text\":\"§l§cYou do not have enough Money\"}]}",
							"/execute @s[scores={money=..99}] ~~~ playsound note.bass "
						]
					},
					{
						"name": { "rawtext": [ {"text":"Buy: Dirt"} ] },
						"commands": [
							"/execute @s[scores={money=20..}] ~~~ give @s dirt 1",
							"/execute @s[scores={money=20..}] ~~~ scoreboard players remove @s money 20",
							"/execute @s[scores={money=..19}] ~~~ tellraw @s {\"rawtext\":[{\"text\":\"§l§cYou do not have enough Money\"}]}",
							"/execute @s[scores={money=..19}] ~~~ playsound note.bass "
						]
					},
					{
						"name": { "rawtext": [ {"text":"Close GUI"} ] },
						"commands": [
						]
					}
				]
			},
			{
				"scene_tag": "shop2",
				"npc_name": { "rawtext": [ {"text":"Shop"} ] },
				"text": { "rawtext": [ {"text":"Server GUI Use This to navigate the world and see amazing things"} ] },
				"buttons": [
					{
						"name": { "rawtext": [ {"text":"Buy: Diamonds"} ] },
						"commands": [
							"/execute @s[scores={money=100..}] ~~~ give @s diamond 1",
							"/execute @s[scores={money=100..}] ~~~ scoreboard players remove @s money 100",
							"/execute @s[scores={money=..99}] ~~~ tellraw @s {\"rawtext\":[{\"text\":\"§l§cYou do not have enough Money\"}]}",
							"/execute @s[scores={money=..99}] ~~~ playsound note.bass "
						]
					},
					{
						"name": { "rawtext": [ {"text":"Buy: Dirt"} ] },
						"commands": [
							"/execute @s[scores={money=20..}] ~~~ give @s dirt 1",
							"/execute @s[scores={money=20..}] ~~~ scoreboard players remove @s money 20",
							"/execute @s[scores={money=..19}] ~~~ tellraw @s {\"rawtext\":[{\"text\":\"§l§cYou do not have enough Money\"}]}",
							"/execute @s[scores={money=..19}] ~~~ playsound note.bass "
						]
					},
					{
						"name": { "rawtext": [ {"text":"Close GUI"} ] },
						"commands": [
						]
					}
				]
			}
		]
	}
}
